/*
SQLyog 企业版 - MySQL GUI v8.14 
MySQL - 5.5.29 : Database - textanalysis
*********************************************************************
*/

/*!40101 SET NAMES utf8 */;

/*!40101 SET SQL_MODE=''*/;

/*!40014 SET @OLD_UNIQUE_CHECKS=@@UNIQUE_CHECKS, UNIQUE_CHECKS=0 */;
/*!40014 SET @OLD_FOREIGN_KEY_CHECKS=@@FOREIGN_KEY_CHECKS, FOREIGN_KEY_CHECKS=0 */;
/*!40101 SET @OLD_SQL_MODE=@@SQL_MODE, SQL_MODE='NO_AUTO_VALUE_ON_ZERO' */;
/*!40111 SET @OLD_SQL_NOTES=@@SQL_NOTES, SQL_NOTES=0 */;
CREATE DATABASE /*!32312 IF NOT EXISTS*/`textanalysis` /*!40100 DEFAULT CHARACTER SET utf8 */;

USE `textanalysis`;

/*Table structure for table `answer_value` */

DROP TABLE IF EXISTS `answer_value`;

CREATE TABLE `answer_value` (
  `id` varchar(64) NOT NULL COMMENT '主键',
  `indicator_id` varchar(64) DEFAULT NULL COMMENT '指标id',
  `option_id` varchar(64) DEFAULT NULL COMMENT '选项id',
  `answer_id` varchar(64) DEFAULT NULL COMMENT '答案id',
  PRIMARY KEY (`id`)
) ENGINE=InnoDB DEFAULT CHARSET=utf8;

/*Data for the table `answer_value` */

insert  into `answer_value`(`id`,`indicator_id`,`option_id`,`answer_id`) values ('0b3aff88474611e78b3f9cb654be29c0','0adf4c8f-bb2d-4c4e-8000-c72a7cab42b7','4e8a7094473d11e78b3f9cb654be29c0','a3cbe548-9d06-4967-ab9b-9916b29108e8'),('0b41b8e7474611e78b3f9cb654be29c0','0da4b074-85cd-4f9e-b060-e49570c50468','184fab99473c11e78b3f9cb654be29c0','a3cbe548-9d06-4967-ab9b-9916b29108e8'),('0b46d69e474611e78b3f9cb654be29c0','28f2b20d-051f-42b1-b037-a072eba41b05','984965a2473d11e78b3f9cb654be29c0','a3cbe548-9d06-4967-ab9b-9916b29108e8'),('0b4bd88c474611e78b3f9cb654be29c0','2ea76d50-7862-48c6-922c-409a43290c00','107c339e473e11e78b3f9cb654be29c0','a3cbe548-9d06-4967-ab9b-9916b29108e8'),('0b511bef474611e78b3f9cb654be29c0','2f233243-c330-49cc-a32f-a929b5082448','7386c49246b911e78b3f9cb654be29c0','a3cbe548-9d06-4967-ab9b-9916b29108e8'),('0b561d8a474611e78b3f9cb654be29c0','312a8d19-8c51-4943-a55e-c469f537502f','2d2e36b7473d11e78b3f9cb654be29c0','a3cbe548-9d06-4967-ab9b-9916b29108e8'),('0b5b30fc474611e78b3f9cb654be29c0','367915ae-bd8f-47f1-8e7d-9bc2738d2e9e','5c858c96473d11e78b3f9cb654be29c0','a3cbe548-9d06-4967-ab9b-9916b29108e8'),('0b6033c0474611e78b3f9cb654be29c0','4002d9f5-85e6-453c-9cc8-c78f9a0f8613','01e89357473e11e78b3f9cb654be29c0','a3cbe548-9d06-4967-ab9b-9916b29108e8'),('0b655834474611e78b3f9cb654be29c0','4c904b71-85f2-4586-9912-5fd570e0dff7','41f1b849473d11e78b3f9cb654be29c0','a3cbe548-9d06-4967-ab9b-9916b29108e8'),('0b6a5f05474611e78b3f9cb654be29c0','4e4bec8a-d931-481e-9f90-af606a66922c','980fa6b2473b11e78b3f9cb654be29c0','a3cbe548-9d06-4967-ab9b-9916b29108e8'),('0b713a11474611e78b3f9cb654be29c0','53184dce-501d-4764-8a6c-3de625330108','dcf66d4946b911e78b3f9cb654be29c0','a3cbe548-9d06-4967-ab9b-9916b29108e8'),('0b763ded474611e78b3f9cb654be29c0','54d1be25-f1d5-43bf-adcf-60f52904d5e2','41138246473c11e78b3f9cb654be29c0','a3cbe548-9d06-4967-ab9b-9916b29108e8'),('0b7b64a9474611e78b3f9cb654be29c0','5531cc52-b9e8-4ea7-92c0-966cfd8259df','5d846b0b473c11e78b3f9cb654be29c0','a3cbe548-9d06-4967-ab9b-9916b29108e8'),('0b80786a474611e78b3f9cb654be29c0','55b87636-d375-4796-b957-a21508decc33','f43e81e7473b11e78b3f9cb654be29c0','a3cbe548-9d06-4967-ab9b-9916b29108e8'),('0b8583a9474611e78b3f9cb654be29c0','59d95d87-7785-4a2f-bd44-8ab4a69c771a','e217614c473b11e78b3f9cb654be29c0','a3cbe548-9d06-4967-ab9b-9916b29108e8'),('0b8a7d24474611e78b3f9cb654be29c0','5e71833f-cb73-47e4-bb9c-8e262b52e621','4e995e88473c11e78b3f9cb654be29c0','a3cbe548-9d06-4967-ab9b-9916b29108e8'),('0b8df993474611e78b3f9cb654be29c0','6107985f-35d6-4546-8785-e9c137f82f8f','25dc9784473c11e78b3f9cb654be29c0','a3cbe548-9d06-4967-ab9b-9916b29108e8'),('0b930180474611e78b3f9cb654be29c0','6c6a934d-55e4-4b1e-b299-a1e65a32fccb','cb55c9ac473c11e78b3f9cb654be29c0','a3cbe548-9d06-4967-ab9b-9916b29108e8'),('0b966fef474611e78b3f9cb654be29c0','746b5900-ef8d-4078-a984-98afef559f65','78082f1b473c11e78b3f9cb654be29c0','a3cbe548-9d06-4967-ab9b-9916b29108e8'),('0b99c8d7474611e78b3f9cb654be29c0','784e3fb1-8800-4198-8f2d-6230cd0584be','a75ddc04473c11e78b3f9cb654be29c0','a3cbe548-9d06-4967-ab9b-9916b29108e8'),('0b9d3ca8474611e78b3f9cb654be29c0','7fa03c74-6d93-4c49-86d5-4e4973c0974a','9c4795d2473c11e78b3f9cb654be29c0','a3cbe548-9d06-4967-ab9b-9916b29108e8'),('0ba23ce8474611e78b3f9cb654be29c0','83960598-5810-442a-b539-7493eaa29591','90c17f59473c11e78b3f9cb654be29c0','a3cbe548-9d06-4967-ab9b-9916b29108e8'),('0ba76748474611e78b3f9cb654be29c0','84d105aa-9c54-48e3-8785-fc6f677c6d2a','bf46651a473c11e78b3f9cb654be29c0','a3cbe548-9d06-4967-ab9b-9916b29108e8'),('0bac6fff474611e78b3f9cb654be29c0','8dad64ca-90d9-456e-893e-9f0ad1d2600b','6b04eae4473c11e78b3f9cb654be29c0','a3cbe548-9d06-4967-ab9b-9916b29108e8'),('0bb195ca474611e78b3f9cb654be29c0','933c7b9a-5686-4685-964e-a74b310f3dc3','f0f0c06c473d11e78b3f9cb654be29c0','a3cbe548-9d06-4967-ab9b-9916b29108e8'),('0bb69c0e474611e78b3f9cb654be29c0','ad85e798-cfa8-48b5-9fba-4446065e463c','c6669d68473b11e78b3f9cb654be29c0','a3cbe548-9d06-4967-ab9b-9916b29108e8'),('0bbb83c9474611e78b3f9cb654be29c0','b81e49bd-7d49-463c-b607-e9ff7a78c11f','a46104d9473b11e78b3f9cb654be29c0','a3cbe548-9d06-4967-ab9b-9916b29108e8'),('0bbf13ce474611e78b3f9cb654be29c0','bf877e58-6667-47de-a93d-7b1c2c6cc376','67c1db4b46b911e78b3f9cb654be29c0','a3cbe548-9d06-4967-ab9b-9916b29108e8'),('0bc29fa8474611e78b3f9cb654be29c0','c1d8b432-5f0c-4ca9-b9c5-fad6646f4e1d','83b37dbb473c11e78b3f9cb654be29c0','a3cbe548-9d06-4967-ab9b-9916b29108e8'),('0bc7933b474611e78b3f9cb654be29c0','c40e9d0b-b715-4aa6-8188-5b5bfe67fb8b','8085d2d4473b11e78b3f9cb654be29c0','a3cbe548-9d06-4967-ab9b-9916b29108e8'),('0bcb0766474611e78b3f9cb654be29c0','c7379f70-58d8-4e6c-9c94-bd11e8265db5','b2834cb0473c11e78b3f9cb654be29c0','a3cbe548-9d06-4967-ab9b-9916b29108e8'),('0bd01664474611e78b3f9cb654be29c0','c7e34765-2c7b-4050-b5d6-4567bd50d773','337fdbd5473c11e78b3f9cb654be29c0','a3cbe548-9d06-4967-ab9b-9916b29108e8'),('0bdbe00c474611e78b3f9cb654be29c0','c7f3dfe8-9e30-46de-8ab1-96cdd6568bab','5db5effe46b911e78b3f9cb654be29c0','a3cbe548-9d06-4967-ab9b-9916b29108e8'),('0bdf5d05474611e78b3f9cb654be29c0','c95d8394-4b16-48e4-b5cc-ca4dbfb7ac06','7101aead473d11e78b3f9cb654be29c0','a3cbe548-9d06-4967-ab9b-9916b29108e8'),('0be46f63474611e78b3f9cb654be29c0','ccbb71a3-2671-4ca9-a345-36419f069282','722ee3d8473b11e78b3f9cb654be29c0','a3cbe548-9d06-4967-ab9b-9916b29108e8'),('0be99d96474611e78b3f9cb654be29c0','d0da0f3f-b4fe-401a-8b5b-8b51bc041c3e','05dfd694473c11e78b3f9cb654be29c0','a3cbe548-9d06-4967-ab9b-9916b29108e8'),('0beea917474611e78b3f9cb654be29c0','d49089a8-78bf-42a0-9ae4-1853ce11cd26','7c28d4bc473d11e78b3f9cb654be29c0','a3cbe548-9d06-4967-ab9b-9916b29108e8'),('0bf3cefb474611e78b3f9cb654be29c0','d504fbd8-56c0-4d66-bd40-812d77215a2c','d9b54315473d11e78b3f9cb654be29c0','a3cbe548-9d06-4967-ab9b-9916b29108e8'),('0bf8c5c7474611e78b3f9cb654be29c0','d5ef29dc-f79e-4968-bc77-c8a5874fde21','8b738698473d11e78b3f9cb654be29c0','a3cbe548-9d06-4967-ab9b-9916b29108e8'),('0c01720b474611e78b3f9cb654be29c0','d6daa219-0b5d-4c14-934d-f307b4850b52','d446d5d4473b11e78b3f9cb654be29c0','a3cbe548-9d06-4967-ab9b-9916b29108e8'),('0c126057474611e78b3f9cb654be29c0','dbdbe58d-c56d-447e-bf92-7ca80da934f7','541b7f4446b911e78b3f9cb654be29c0','a3cbe548-9d06-4967-ab9b-9916b29108e8'),('0c1df2fe474611e78b3f9cb654be29c0','dced1237-212c-49f3-8433-5dfe79cd83d2','7f5721d246b911e78b3f9cb654be29c0','a3cbe548-9d06-4967-ab9b-9916b29108e8'),('0c217598474611e78b3f9cb654be29c0','eb02384b-8bd5-4a38-91c9-a57a16b63694','206b5c51473d11e78b3f9cb654be29c0','a3cbe548-9d06-4967-ab9b-9916b29108e8'),('0c269e2b474611e78b3f9cb654be29c0','eeabdec9-8b61-4977-a9cd-2d4bb0873b9a','b5f18e92473b11e78b3f9cb654be29c0','a3cbe548-9d06-4967-ab9b-9916b29108e8'),('0c2ba1d7474611e78b3f9cb654be29c0','f05e0990-2254-4acf-b10e-68be3b9dab76','e626dbc5473d11e78b3f9cb654be29c0','a3cbe548-9d06-4967-ab9b-9916b29108e8'),('0c30d26a474611e78b3f9cb654be29c0','ff433e6f-d9d4-4df8-b0d1-b7a4f36c3475','a2f82de5473d11e78b3f9cb654be29c0','a3cbe548-9d06-4967-ab9b-9916b29108e8'),('2b75b013435a11e78b3f9cb654be29c0','09650103-ce5a-4211-8851-321f88d196c1','a539fedc435711e78b3f9cb654be29c0','b0efbd37-dfe7-4d05-a983-5cf71f530009'),('2b7ad3dd435a11e78b3f9cb654be29c0','181f6098-b4fa-48ba-a7ae-8f47d9c6626f','14701445435811e78b3f9cb654be29c0','b0efbd37-dfe7-4d05-a983-5cf71f530009'),('2b7fd1f4435a11e78b3f9cb654be29c0','3314f003-75a2-472e-8fb5-ea81a7835752','','b0efbd37-dfe7-4d05-a983-5cf71f530009'),('2b86a65b435a11e78b3f9cb654be29c0','6d22fea8-5d22-4d45-b5b0-c8cd733f365d','cd2d0cb3435711e78b3f9cb654be29c0','b0efbd37-dfe7-4d05-a983-5cf71f530009'),('2b8b9b12435a11e78b3f9cb654be29c0','8cfc3df9-6d7e-4490-88e4-561c06f1e84a','6409a931435811e78b3f9cb654be29c0','b0efbd37-dfe7-4d05-a983-5cf71f530009'),('2b90c2b8435a11e78b3f9cb654be29c0','9646054d-4d01-4365-873d-e24ab8463617','729f43b1435811e78b3f9cb654be29c0','b0efbd37-dfe7-4d05-a983-5cf71f530009'),('2b95d0cc435a11e78b3f9cb654be29c0','e6e36fe0-e974-481d-bf2c-7e509bab0029','25be5951435811e78b3f9cb654be29c0','b0efbd37-dfe7-4d05-a983-5cf71f530009'),('2b9aebec435a11e78b3f9cb654be29c0','ec0b1563-e8f6-48a6-98ac-67779a469d1d','3e0fff66435811e78b3f9cb654be29c0','b0efbd37-dfe7-4d05-a983-5cf71f530009'),('4470e645435a11e78b3f9cb654be29c0','09650103-ce5a-4211-8851-321f88d196c1','a53f045e435711e78b3f9cb654be29c0','d731702e-f50a-4ef5-b9b5-25412ce6777d'),('447605b2435a11e78b3f9cb654be29c0','181f6098-b4fa-48ba-a7ae-8f47d9c6626f','14701445435811e78b3f9cb654be29c0','d731702e-f50a-4ef5-b9b5-25412ce6777d'),('447e8cb2435a11e78b3f9cb654be29c0','3314f003-75a2-472e-8fb5-ea81a7835752','57747dff435811e78b3f9cb654be29c0','d731702e-f50a-4ef5-b9b5-25412ce6777d'),('44838832435a11e78b3f9cb654be29c0','6d22fea8-5d22-4d45-b5b0-c8cd733f365d','cd27f76f435711e78b3f9cb654be29c0','d731702e-f50a-4ef5-b9b5-25412ce6777d'),('4488ca16435a11e78b3f9cb654be29c0','8cfc3df9-6d7e-4490-88e4-561c06f1e84a','6413e83b435811e78b3f9cb654be29c0','d731702e-f50a-4ef5-b9b5-25412ce6777d'),('448dbbef435a11e78b3f9cb654be29c0','9646054d-4d01-4365-873d-e24ab8463617','729f43b1435811e78b3f9cb654be29c0','d731702e-f50a-4ef5-b9b5-25412ce6777d'),('4492cf1e435a11e78b3f9cb654be29c0','e6e36fe0-e974-481d-bf2c-7e509bab0029','25b94ec4435811e78b3f9cb654be29c0','d731702e-f50a-4ef5-b9b5-25412ce6777d'),('4497d2ce435a11e78b3f9cb654be29c0','ec0b1563-e8f6-48a6-98ac-67779a469d1d','3e1653f0435811e78b3f9cb654be29c0','d731702e-f50a-4ef5-b9b5-25412ce6777d'),('62f9a628474211e78b3f9cb654be29c0','0adf4c8f-bb2d-4c4e-8000-c72a7cab42b7','4e8deeaa473d11e78b3f9cb654be29c0','5ebc740d-5163-4989-aaf5-addd90dd5eff'),('6303c9ef474211e78b3f9cb654be29c0','0da4b074-85cd-4f9e-b060-e49570c50468','184fab99473c11e78b3f9cb654be29c0','5ebc740d-5163-4989-aaf5-addd90dd5eff'),('6308ec43474211e78b3f9cb654be29c0','28f2b20d-051f-42b1-b037-a072eba41b05','9840fc69473d11e78b3f9cb654be29c0','5ebc740d-5163-4989-aaf5-addd90dd5eff'),('630df1b9474211e78b3f9cb654be29c0','2ea76d50-7862-48c6-922c-409a43290c00','107c339e473e11e78b3f9cb654be29c0','5ebc740d-5163-4989-aaf5-addd90dd5eff'),('63132052474211e78b3f9cb654be29c0','2f233243-c330-49cc-a32f-a929b5082448','7386c49246b911e78b3f9cb654be29c0','5ebc740d-5163-4989-aaf5-addd90dd5eff'),('631809c4474211e78b3f9cb654be29c0','312a8d19-8c51-4943-a55e-c469f537502f','2d31ea16473d11e78b3f9cb654be29c0','5ebc740d-5163-4989-aaf5-addd90dd5eff'),('631d326e474211e78b3f9cb654be29c0','367915ae-bd8f-47f1-8e7d-9bc2738d2e9e','5c858c96473d11e78b3f9cb654be29c0','5ebc740d-5163-4989-aaf5-addd90dd5eff'),('63223588474211e78b3f9cb654be29c0','4002d9f5-85e6-453c-9cc8-c78f9a0f8613','01e4d6a3473e11e78b3f9cb654be29c0','5ebc740d-5163-4989-aaf5-addd90dd5eff'),('6325c2ba474211e78b3f9cb654be29c0','4c904b71-85f2-4586-9912-5fd570e0dff7','41ecb3eb473d11e78b3f9cb654be29c0','5ebc740d-5163-4989-aaf5-addd90dd5eff'),('632ac163474211e78b3f9cb654be29c0','4e4bec8a-d931-481e-9f90-af606a66922c','980fa6b2473b11e78b3f9cb654be29c0','5ebc740d-5163-4989-aaf5-addd90dd5eff'),('632fe92c474211e78b3f9cb654be29c0','53184dce-501d-4764-8a6c-3de625330108','dcef467446b911e78b3f9cb654be29c0','5ebc740d-5163-4989-aaf5-addd90dd5eff'),('6334f861474211e78b3f9cb654be29c0','54d1be25-f1d5-43bf-adcf-60f52904d5e2','411dcb66473c11e78b3f9cb654be29c0','5ebc740d-5163-4989-aaf5-addd90dd5eff'),('633a333d474211e78b3f9cb654be29c0','5531cc52-b9e8-4ea7-92c0-966cfd8259df','5d8c0dae473c11e78b3f9cb654be29c0','5ebc740d-5163-4989-aaf5-addd90dd5eff'),('633f1f16474211e78b3f9cb654be29c0','55b87636-d375-4796-b957-a21508decc33','f4397bc3473b11e78b3f9cb654be29c0','5ebc740d-5163-4989-aaf5-addd90dd5eff'),('634447e0474211e78b3f9cb654be29c0','59d95d87-7785-4a2f-bd44-8ab4a69c771a','e217614c473b11e78b3f9cb654be29c0','5ebc740d-5163-4989-aaf5-addd90dd5eff'),('63494a58474211e78b3f9cb654be29c0','5e71833f-cb73-47e4-bb9c-8e262b52e621','4ea5bb81473c11e78b3f9cb654be29c0','5ebc740d-5163-4989-aaf5-addd90dd5eff'),('634e7043474211e78b3f9cb654be29c0','6107985f-35d6-4546-8785-e9c137f82f8f','25ec6408473c11e78b3f9cb654be29c0','5ebc740d-5163-4989-aaf5-addd90dd5eff'),('635377ab474211e78b3f9cb654be29c0','6c6a934d-55e4-4b1e-b299-a1e65a32fccb','cb5e4129473c11e78b3f9cb654be29c0','5ebc740d-5163-4989-aaf5-addd90dd5eff'),('63589fe2474211e78b3f9cb654be29c0','746b5900-ef8d-4078-a984-98afef559f65','77f0d8b4473c11e78b3f9cb654be29c0','5ebc740d-5163-4989-aaf5-addd90dd5eff'),('635da17d474211e78b3f9cb654be29c0','784e3fb1-8800-4198-8f2d-6230cd0584be','a762e1fd473c11e78b3f9cb654be29c0','5ebc740d-5163-4989-aaf5-addd90dd5eff'),('6362dc55474211e78b3f9cb654be29c0','7fa03c74-6d93-4c49-86d5-4e4973c0974a','9c4795d2473c11e78b3f9cb654be29c0','5ebc740d-5163-4989-aaf5-addd90dd5eff'),('6367d960474211e78b3f9cb654be29c0','83960598-5810-442a-b539-7493eaa29591','90c17f59473c11e78b3f9cb654be29c0','5ebc740d-5163-4989-aaf5-addd90dd5eff'),('636ce5b3474211e78b3f9cb654be29c0','84d105aa-9c54-48e3-8785-fc6f677c6d2a','bf3dff0e473c11e78b3f9cb654be29c0','5ebc740d-5163-4989-aaf5-addd90dd5eff'),('6371e7b8474211e78b3f9cb654be29c0','8dad64ca-90d9-456e-893e-9f0ad1d2600b','6b10bc75473c11e78b3f9cb654be29c0','5ebc740d-5163-4989-aaf5-addd90dd5eff'),('63771345474211e78b3f9cb654be29c0','933c7b9a-5686-4685-964e-a74b310f3dc3','f0ed496e473d11e78b3f9cb654be29c0','5ebc740d-5163-4989-aaf5-addd90dd5eff'),('637c1714474211e78b3f9cb654be29c0','ad85e798-cfa8-48b5-9fba-4446065e463c','c662e69c473b11e78b3f9cb654be29c0','5ebc740d-5163-4989-aaf5-addd90dd5eff'),('637f9a7b474211e78b3f9cb654be29c0','b81e49bd-7d49-463c-b607-e9ff7a78c11f','a45c03a8473b11e78b3f9cb654be29c0','5ebc740d-5163-4989-aaf5-addd90dd5eff'),('6384ab6e474211e78b3f9cb654be29c0','bf877e58-6667-47de-a93d-7b1c2c6cc376','67c1db4b46b911e78b3f9cb654be29c0','5ebc740d-5163-4989-aaf5-addd90dd5eff'),('6389ccb2474211e78b3f9cb654be29c0','c1d8b432-5f0c-4ca9-b9c5-fad6646f4e1d','83b726f1473c11e78b3f9cb654be29c0','5ebc740d-5163-4989-aaf5-addd90dd5eff'),('638ecf0a474211e78b3f9cb654be29c0','c40e9d0b-b715-4aa6-8188-5b5bfe67fb8b','808971e5473b11e78b3f9cb654be29c0','5ebc740d-5163-4989-aaf5-addd90dd5eff'),('6393fa53474211e78b3f9cb654be29c0','c7379f70-58d8-4e6c-9c94-bd11e8265db5','b2834cb0473c11e78b3f9cb654be29c0','5ebc740d-5163-4989-aaf5-addd90dd5eff'),('6398fc51474211e78b3f9cb654be29c0','c7e34765-2c7b-4050-b5d6-4567bd50d773','33886098473c11e78b3f9cb654be29c0','5ebc740d-5163-4989-aaf5-addd90dd5eff'),('639e253a474211e78b3f9cb654be29c0','c7f3dfe8-9e30-46de-8ab1-96cdd6568bab','5db0c8e246b911e78b3f9cb654be29c0','5ebc740d-5163-4989-aaf5-addd90dd5eff'),('63a3276f474211e78b3f9cb654be29c0','c95d8394-4b16-48e4-b5cc-ca4dbfb7ac06','70f281e8473d11e78b3f9cb654be29c0','5ebc740d-5163-4989-aaf5-addd90dd5eff'),('63ad69c2474211e78b3f9cb654be29c0','ccbb71a3-2671-4ca9-a345-36419f069282','72158692473b11e78b3f9cb654be29c0','5ebc740d-5163-4989-aaf5-addd90dd5eff'),('63b26ee6474211e78b3f9cb654be29c0','d0da0f3f-b4fe-401a-8b5b-8b51bc041c3e','05dfd694473c11e78b3f9cb654be29c0','5ebc740d-5163-4989-aaf5-addd90dd5eff'),('63b7a0ac474211e78b3f9cb654be29c0','d49089a8-78bf-42a0-9ae4-1853ce11cd26','7c28d4bc473d11e78b3f9cb654be29c0','5ebc740d-5163-4989-aaf5-addd90dd5eff'),('63bc99e8474211e78b3f9cb654be29c0','d504fbd8-56c0-4d66-bd40-812d77215a2c','d9aaf94f473d11e78b3f9cb654be29c0','5ebc740d-5163-4989-aaf5-addd90dd5eff'),('63c1c71b474211e78b3f9cb654be29c0','d5ef29dc-f79e-4968-bc77-c8a5874fde21','8b645877473d11e78b3f9cb654be29c0','5ebc740d-5163-4989-aaf5-addd90dd5eff'),('63c6c321474211e78b3f9cb654be29c0','d6daa219-0b5d-4c14-934d-f307b4850b52','d4417b58473b11e78b3f9cb654be29c0','5ebc740d-5163-4989-aaf5-addd90dd5eff'),('63cbeba3474211e78b3f9cb654be29c0','dbdbe58d-c56d-447e-bf92-7ca80da934f7','541155b546b911e78b3f9cb654be29c0','5ebc740d-5163-4989-aaf5-addd90dd5eff'),('63d0ee7e474211e78b3f9cb654be29c0','dced1237-212c-49f3-8433-5dfe79cd83d2','7f5721d246b911e78b3f9cb654be29c0','5ebc740d-5163-4989-aaf5-addd90dd5eff'),('63d62291474211e78b3f9cb654be29c0','eb02384b-8bd5-4a38-91c9-a57a16b63694','206b5c51473d11e78b3f9cb654be29c0','5ebc740d-5163-4989-aaf5-addd90dd5eff'),('63db1fdf474211e78b3f9cb654be29c0','eeabdec9-8b61-4977-a9cd-2d4bb0873b9a','b5e495bc473b11e78b3f9cb654be29c0','5ebc740d-5163-4989-aaf5-addd90dd5eff'),('63e05354474211e78b3f9cb654be29c0','f05e0990-2254-4acf-b10e-68be3b9dab76','e621cd5e473d11e78b3f9cb654be29c0','5ebc740d-5163-4989-aaf5-addd90dd5eff'),('63e148e4435a11e78b3f9cb654be29c0','09650103-ce5a-4211-8851-321f88d196c1','a53f045e435711e78b3f9cb654be29c0','1d9c99c4-9906-4173-ac7e-a5ef0247df13'),('63e54ee0474211e78b3f9cb654be29c0','ff433e6f-d9d4-4df8-b0d1-b7a4f36c3475','a2efb2b1473d11e78b3f9cb654be29c0','5ebc740d-5163-4989-aaf5-addd90dd5eff'),('63ecc13d435a11e78b3f9cb654be29c0','181f6098-b4fa-48ba-a7ae-8f47d9c6626f','147540a6435811e78b3f9cb654be29c0','1d9c99c4-9906-4173-ac7e-a5ef0247df13'),('63f3929e435a11e78b3f9cb654be29c0','3314f003-75a2-472e-8fb5-ea81a7835752','577ce495435811e78b3f9cb654be29c0','1d9c99c4-9906-4173-ac7e-a5ef0247df13'),('63f7660c435a11e78b3f9cb654be29c0','6d22fea8-5d22-4d45-b5b0-c8cd733f365d','cd2d0cb3435711e78b3f9cb654be29c0','1d9c99c4-9906-4173-ac7e-a5ef0247df13'),('63fc7594435a11e78b3f9cb654be29c0','8cfc3df9-6d7e-4490-88e4-561c06f1e84a','6409a931435811e78b3f9cb654be29c0','1d9c99c4-9906-4173-ac7e-a5ef0247df13'),('64019181435a11e78b3f9cb654be29c0','9646054d-4d01-4365-873d-e24ab8463617','7296b115435811e78b3f9cb654be29c0','1d9c99c4-9906-4173-ac7e-a5ef0247df13'),('640695fa435a11e78b3f9cb654be29c0','e6e36fe0-e974-481d-bf2c-7e509bab0029','25b94ec4435811e78b3f9cb654be29c0','1d9c99c4-9906-4173-ac7e-a5ef0247df13'),('640bc8ba435a11e78b3f9cb654be29c0','ec0b1563-e8f6-48a6-98ac-67779a469d1d','3e0ad405435811e78b3f9cb654be29c0','1d9c99c4-9906-4173-ac7e-a5ef0247df13'),('d036a870474511e78b3f9cb654be29c0','0adf4c8f-bb2d-4c4e-8000-c72a7cab42b7','4e8a7094473d11e78b3f9cb654be29c0','2bdfa0f6-069f-4244-a9bb-f7473e428099'),('d03a19fc474511e78b3f9cb654be29c0','0da4b074-85cd-4f9e-b060-e49570c50468','184fab99473c11e78b3f9cb654be29c0','2bdfa0f6-069f-4244-a9bb-f7473e428099'),('d04469dd474511e78b3f9cb654be29c0','28f2b20d-051f-42b1-b037-a072eba41b05','984965a2473d11e78b3f9cb654be29c0','2bdfa0f6-069f-4244-a9bb-f7473e428099'),('d049702c474511e78b3f9cb654be29c0','2ea76d50-7862-48c6-922c-409a43290c00','108315c6473e11e78b3f9cb654be29c0','2bdfa0f6-069f-4244-a9bb-f7473e428099'),('d04e7f4a474511e78b3f9cb654be29c0','2f233243-c330-49cc-a32f-a929b5082448','7386c49246b911e78b3f9cb654be29c0','2bdfa0f6-069f-4244-a9bb-f7473e428099'),('d053a9c5474511e78b3f9cb654be29c0','312a8d19-8c51-4943-a55e-c469f537502f','2d44de3b473d11e78b3f9cb654be29c0','2bdfa0f6-069f-4244-a9bb-f7473e428099'),('d0589a10474511e78b3f9cb654be29c0','367915ae-bd8f-47f1-8e7d-9bc2738d2e9e','5c823b5b473d11e78b3f9cb654be29c0','2bdfa0f6-069f-4244-a9bb-f7473e428099'),('d05dc8e4474511e78b3f9cb654be29c0','4002d9f5-85e6-453c-9cc8-c78f9a0f8613','01e4d6a3473e11e78b3f9cb654be29c0','2bdfa0f6-069f-4244-a9bb-f7473e428099'),('d062ca60474511e78b3f9cb654be29c0','4c904b71-85f2-4586-9912-5fd570e0dff7','','2bdfa0f6-069f-4244-a9bb-f7473e428099'),('d067f3fb474511e78b3f9cb654be29c0','4e4bec8a-d931-481e-9f90-af606a66922c','980fa6b2473b11e78b3f9cb654be29c0','2bdfa0f6-069f-4244-a9bb-f7473e428099'),('d06cf88c474511e78b3f9cb654be29c0','53184dce-501d-4764-8a6c-3de625330108','dcf2f15146b911e78b3f9cb654be29c0','2bdfa0f6-069f-4244-a9bb-f7473e428099'),('d0722217474511e78b3f9cb654be29c0','54d1be25-f1d5-43bf-adcf-60f52904d5e2','4118c3bf473c11e78b3f9cb654be29c0','2bdfa0f6-069f-4244-a9bb-f7473e428099'),('d07730d5474511e78b3f9cb654be29c0','5531cc52-b9e8-4ea7-92c0-966cfd8259df','5d77ea83473c11e78b3f9cb654be29c0','2bdfa0f6-069f-4244-a9bb-f7473e428099'),('d07c5810474511e78b3f9cb654be29c0','55b87636-d375-4796-b957-a21508decc33','f441fd51473b11e78b3f9cb654be29c0','2bdfa0f6-069f-4244-a9bb-f7473e428099'),('d0815dc1474511e78b3f9cb654be29c0','59d95d87-7785-4a2f-bd44-8ab4a69c771a','e2269405473b11e78b3f9cb654be29c0','2bdfa0f6-069f-4244-a9bb-f7473e428099'),('d0867824474511e78b3f9cb654be29c0','5e71833f-cb73-47e4-bb9c-8e262b52e621','4ea5bb81473c11e78b3f9cb654be29c0','2bdfa0f6-069f-4244-a9bb-f7473e428099'),('d08b8509474511e78b3f9cb654be29c0','6107985f-35d6-4546-8785-e9c137f82f8f','25dc9784473c11e78b3f9cb654be29c0','2bdfa0f6-069f-4244-a9bb-f7473e428099'),('d090a3f4474511e78b3f9cb654be29c0','6c6a934d-55e4-4b1e-b299-a1e65a32fccb','cb55c9ac473c11e78b3f9cb654be29c0','2bdfa0f6-069f-4244-a9bb-f7473e428099'),('d095aa4f474511e78b3f9cb654be29c0','746b5900-ef8d-4078-a984-98afef559f65','77e3e891473c11e78b3f9cb654be29c0','2bdfa0f6-069f-4244-a9bb-f7473e428099'),('d09adf82474511e78b3f9cb654be29c0','784e3fb1-8800-4198-8f2d-6230cd0584be','a75ddc04473c11e78b3f9cb654be29c0','2bdfa0f6-069f-4244-a9bb-f7473e428099'),('d09fe0b7474511e78b3f9cb654be29c0','7fa03c74-6d93-4c49-86d5-4e4973c0974a','9c5016de473c11e78b3f9cb654be29c0','2bdfa0f6-069f-4244-a9bb-f7473e428099'),('d0a4fcb0474511e78b3f9cb654be29c0','83960598-5810-442a-b539-7493eaa29591','90c17f59473c11e78b3f9cb654be29c0','2bdfa0f6-069f-4244-a9bb-f7473e428099'),('d0a9fe8a474511e78b3f9cb654be29c0','84d105aa-9c54-48e3-8785-fc6f677c6d2a','bf46651a473c11e78b3f9cb654be29c0','2bdfa0f6-069f-4244-a9bb-f7473e428099'),('d0af37eb474511e78b3f9cb654be29c0','8dad64ca-90d9-456e-893e-9f0ad1d2600b','6b10bc75473c11e78b3f9cb654be29c0','2bdfa0f6-069f-4244-a9bb-f7473e428099'),('d0b42d30474511e78b3f9cb654be29c0','933c7b9a-5686-4685-964e-a74b310f3dc3','f0ed496e473d11e78b3f9cb654be29c0','2bdfa0f6-069f-4244-a9bb-f7473e428099'),('d0b95702474511e78b3f9cb654be29c0','ad85e798-cfa8-48b5-9fba-4446065e463c','c662e69c473b11e78b3f9cb654be29c0','2bdfa0f6-069f-4244-a9bb-f7473e428099'),('d0c3a085474511e78b3f9cb654be29c0','b81e49bd-7d49-463c-b607-e9ff7a78c11f','a45c03a8473b11e78b3f9cb654be29c0','2bdfa0f6-069f-4244-a9bb-f7473e428099'),('d0c8a3fe474511e78b3f9cb654be29c0','bf877e58-6667-47de-a93d-7b1c2c6cc376','67c1db4b46b911e78b3f9cb654be29c0','2bdfa0f6-069f-4244-a9bb-f7473e428099'),('d0cda445474511e78b3f9cb654be29c0','c1d8b432-5f0c-4ca9-b9c5-fad6646f4e1d','83bc4a90473c11e78b3f9cb654be29c0','2bdfa0f6-069f-4244-a9bb-f7473e428099'),('d0d2cf8e474511e78b3f9cb654be29c0','c40e9d0b-b715-4aa6-8188-5b5bfe67fb8b','808971e5473b11e78b3f9cb654be29c0','2bdfa0f6-069f-4244-a9bb-f7473e428099'),('d0d7ba30474511e78b3f9cb654be29c0','c7379f70-58d8-4e6c-9c94-bd11e8265db5','b2834cb0473c11e78b3f9cb654be29c0','2bdfa0f6-069f-4244-a9bb-f7473e428099'),('d0db51e6474511e78b3f9cb654be29c0','c7e34765-2c7b-4050-b5d6-4567bd50d773','337fdbd5473c11e78b3f9cb654be29c0','2bdfa0f6-069f-4244-a9bb-f7473e428099'),('d0e053d8474511e78b3f9cb654be29c0','c7f3dfe8-9e30-46de-8ab1-96cdd6568bab','5db0c8e246b911e78b3f9cb654be29c0','2bdfa0f6-069f-4244-a9bb-f7473e428099'),('d0e56eb5474511e78b3f9cb654be29c0','c95d8394-4b16-48e4-b5cc-ca4dbfb7ac06','70f281e8473d11e78b3f9cb654be29c0','2bdfa0f6-069f-4244-a9bb-f7473e428099'),('d0ea744b474511e78b3f9cb654be29c0','ccbb71a3-2671-4ca9-a345-36419f069282','72158692473b11e78b3f9cb654be29c0','2bdfa0f6-069f-4244-a9bb-f7473e428099'),('d0efa0c0474511e78b3f9cb654be29c0','d0da0f3f-b4fe-401a-8b5b-8b51bc041c3e','05dfd694473c11e78b3f9cb654be29c0','2bdfa0f6-069f-4244-a9bb-f7473e428099'),('d0f49ed7474511e78b3f9cb654be29c0','d49089a8-78bf-42a0-9ae4-1853ce11cd26','7c28d4bc473d11e78b3f9cb654be29c0','2bdfa0f6-069f-4244-a9bb-f7473e428099'),('d0f9c9b5474511e78b3f9cb654be29c0','d504fbd8-56c0-4d66-bd40-812d77215a2c','d9aaf94f473d11e78b3f9cb654be29c0','2bdfa0f6-069f-4244-a9bb-f7473e428099'),('d0fecd0b474511e78b3f9cb654be29c0','d5ef29dc-f79e-4968-bc77-c8a5874fde21','8b645877473d11e78b3f9cb654be29c0','2bdfa0f6-069f-4244-a9bb-f7473e428099'),('d103f335474511e78b3f9cb654be29c0','d6daa219-0b5d-4c14-934d-f307b4850b52','d43c7cab473b11e78b3f9cb654be29c0','2bdfa0f6-069f-4244-a9bb-f7473e428099'),('d108fc8a474511e78b3f9cb654be29c0','dbdbe58d-c56d-447e-bf92-7ca80da934f7','541680fe46b911e78b3f9cb654be29c0','2bdfa0f6-069f-4244-a9bb-f7473e428099'),('d10e2039474511e78b3f9cb654be29c0','dced1237-212c-49f3-8433-5dfe79cd83d2','7f5721d246b911e78b3f9cb654be29c0','2bdfa0f6-069f-4244-a9bb-f7473e428099'),('d1132071474511e78b3f9cb654be29c0','eb02384b-8bd5-4a38-91c9-a57a16b63694','206b5c51473d11e78b3f9cb654be29c0','2bdfa0f6-069f-4244-a9bb-f7473e428099'),('d1184c54474511e78b3f9cb654be29c0','eeabdec9-8b61-4977-a9cd-2d4bb0873b9a','b5f9ef11473b11e78b3f9cb654be29c0','2bdfa0f6-069f-4244-a9bb-f7473e428099'),('d11d4d49474511e78b3f9cb654be29c0','f05e0990-2254-4acf-b10e-68be3b9dab76','e62bf178473d11e78b3f9cb654be29c0','2bdfa0f6-069f-4244-a9bb-f7473e428099'),('d1227ed9474511e78b3f9cb654be29c0','ff433e6f-d9d4-4df8-b0d1-b7a4f36c3475','a2f82de5473d11e78b3f9cb654be29c0','2bdfa0f6-069f-4244-a9bb-f7473e428099');

/*Table structure for table `doc_useranswer` */

DROP TABLE IF EXISTS `doc_useranswer`;

CREATE TABLE `doc_useranswer` (
  `id` varchar(64) NOT NULL COMMENT '编号',
  `user_id` varchar(64) DEFAULT NULL COMMENT '人员编号',
  `doc_id` varchar(64) DEFAULT NULL COMMENT '文本编号',
  PRIMARY KEY (`id`)
) ENGINE=InnoDB DEFAULT CHARSET=utf8;

/*Data for the table `doc_useranswer` */

insert  into `doc_useranswer`(`id`,`user_id`,`doc_id`) values ('1d9c99c4-9906-4173-ac7e-a5ef0247df13','96b2a06d38a011e7a79a9cb654be29c0','b4998f04435911e78b3f9cb654be29c0'),('2bdfa0f6-069f-4244-a9bb-f7473e428099','ad188f131a7b11e789979cb654be29c0','2d8588c0473b11e78b3f9cb654be29c0'),('5ebc740d-5163-4989-aaf5-addd90dd5eff','a6f03f8921d211e7ac949cb654be29c0','2d8588c0473b11e78b3f9cb654be29c0'),('a3cbe548-9d06-4967-ab9b-9916b29108e8','96b2a06d38a011e7a79a9cb654be29c0','2d8588c0473b11e78b3f9cb654be29c0'),('b0efbd37-dfe7-4d05-a983-5cf71f530009','a6f03f8921d211e7ac949cb654be29c0','b4998f04435911e78b3f9cb654be29c0'),('d731702e-f50a-4ef5-b9b5-25412ce6777d','ad188f131a7b11e789979cb654be29c0','b4998f04435911e78b3f9cb654be29c0');

/*Table structure for table `docset` */

DROP TABLE IF EXISTS `docset`;

CREATE TABLE `docset` (
  `id` varchar(64) NOT NULL COMMENT '编号',
  `docset_name` varchar(100) DEFAULT NULL COMMENT '文本集名称',
  `remarks` varchar(255) DEFAULT NULL COMMENT '说明',
  PRIMARY KEY (`id`)
) ENGINE=InnoDB DEFAULT CHARSET=utf8;

/*Data for the table `docset` */

insert  into `docset`(`id`,`docset_name`,`remarks`) values ('5bf3736c46a211e78b3f9cb654be29c0','企业社会责任报告','');

/*Table structure for table `document` */

DROP TABLE IF EXISTS `document`;

CREATE TABLE `document` (
  `id` varchar(64) NOT NULL COMMENT '编号',
  `docname` varchar(100) DEFAULT NULL COMMENT '文本名称',
  `docpath` varchar(100) DEFAULT NULL COMMENT '文本路径',
  `remarks` varchar(255) DEFAULT NULL COMMENT '说明',
  `docsetid` varchar(64) DEFAULT NULL COMMENT '文本集编号',
  `indicator_sys_id` varchar(64) DEFAULT NULL COMMENT '指标',
  `addtime` datetime DEFAULT NULL COMMENT '添加时间',
  PRIMARY KEY (`id`)
) ENGINE=InnoDB DEFAULT CHARSET=utf8;

/*Data for the table `document` */

insert  into `document`(`id`,`docname`,`docpath`,`remarks`,`docsetid`,`indicator_sys_id`,`addtime`) values ('12375cc8474a11e78b3f9cb654be29c0','上汽集团：2015年度社会责任报告','/testAnalysis/fileUpload/38d60587-0b0d-4294-9616-c78b6f2510fc.swf','','5bf3736c46a211e78b3f9cb654be29c0',NULL,'2017-06-02 12:13:06'),('2d8588c0473b11e78b3f9cb654be29c0','神马股份：2015社会责任报告','/testAnalysis/fileUpload/be26c101-8909-4ef8-a187-965acbef90ee.swf','','5bf3736c46a211e78b3f9cb654be29c0','fa7a4bb046b711e78b3f9cb654be29c0','2017-06-02 10:26:30'),('327de042474411e78b3f9cb654be29c0','柳钢股份：2015社会责任报告','/testAnalysis/fileUpload/8d6d6678-f14f-4f44-97e2-fcc4667e9082.swf','','5bf3736c46a211e78b3f9cb654be29c0',NULL,'2017-06-02 11:31:03'),('ce6e3b09474311e78b3f9cb654be29c0','广汇汽车：2015企业社会责任报告','/testAnalysis/fileUpload/bd59d23f-a46e-43ce-a263-f852595e4567.swf','','5bf3736c46a211e78b3f9cb654be29c0',NULL,'2017-06-02 11:28:16'),('fcd36e8c474311e78b3f9cb654be29c0','保利地产：2015年社会责任报告','/testAnalysis/fileUpload/6af89a11-d39e-4d07-b40f-28c3397014df.swf','','5bf3736c46a211e78b3f9cb654be29c0',NULL,'2017-06-02 11:29:33');

/*Table structure for table `indicator` */

DROP TABLE IF EXISTS `indicator`;

CREATE TABLE `indicator` (
  `id` varchar(64) NOT NULL COMMENT '编号',
  `title` varchar(100) DEFAULT NULL COMMENT '标题',
  `remarks` varchar(255) DEFAULT NULL COMMENT '说明',
  `indicator_sys_id` varchar(64) DEFAULT NULL COMMENT '指标体系编号',
  PRIMARY KEY (`id`)
) ENGINE=InnoDB DEFAULT CHARSET=utf8;

/*Data for the table `indicator` */

insert  into `indicator`(`id`,`title`,`remarks`,`indicator_sys_id`) values ('09650103-ce5a-4211-8851-321f88d196c1','指标测试01','','4224810142f711e7a79a9cb654be29c0'),('0adf4c8f-bb2d-4c4e-8000-c72a7cab42b7','目标声明','','fa7a4bb046b711e78b3f9cb654be29c0'),('0da4b074-85cd-4f9e-b060-e49570c50468','其它活动','','fa7a4bb046b711e78b3f9cb654be29c0'),('181f6098-b4fa-48ba-a7ae-8f47d9c6626f','指标测试03','','4224810142f711e7a79a9cb654be29c0'),('28f2b20d-051f-42b1-b037-a072eba41b05','同行综述','','fa7a4bb046b711e78b3f9cb654be29c0'),('2ea76d50-7862-48c6-922c-409a43290c00','社团捐款','','fa7a4bb046b711e78b3f9cb654be29c0'),('2f233243-c330-49cc-a32f-a929b5082448','持股人','','fa7a4bb046b711e78b3f9cb654be29c0'),('312a8d19-8c51-4943-a55e-c469f537502f','危机表现的系统声明','','fa7a4bb046b711e78b3f9cb654be29c0'),('3314f003-75a2-472e-8fb5-ea81a7835752','指标测试06','','4224810142f711e7a79a9cb654be29c0'),('367915ae-bd8f-47f1-8e7d-9bc2738d2e9e','特定技术声明','','fa7a4bb046b711e78b3f9cb654be29c0'),('4002d9f5-85e6-453c-9cc8-c78f9a0f8613','内部程序认证','','fa7a4bb046b711e78b3f9cb654be29c0'),('4c904b71-85f2-4586-9912-5fd570e0dff7','定期评估','','fa7a4bb046b711e78b3f9cb654be29c0'),('4e4bec8a-d931-481e-9f90-af606a66922c','信息验证','','fa7a4bb046b711e78b3f9cb654be29c0'),('53184dce-501d-4764-8a6c-3de625330108','高管工资','','fa7a4bb046b711e78b3f9cb654be29c0'),('54d1be25-f1d5-43bf-adcf-60f52904d5e2','温室气体','','fa7a4bb046b711e78b3f9cb654be29c0'),('5531cc52-b9e8-4ea7-92c0-966cfd8259df','有毒物质','','fa7a4bb046b711e78b3f9cb654be29c0'),('55b87636-d375-4796-b957-a21508decc33','政府倡议活动','','fa7a4bb046b711e78b3f9cb654be29c0'),('59d95d87-7785-4a2f-bd44-8ab4a69c771a','持股人','','fa7a4bb046b711e78b3f9cb654be29c0'),('5e71833f-cb73-47e4-bb9c-8e262b52e621','其它气体','','fa7a4bb046b711e78b3f9cb654be29c0'),('6107985f-35d6-4546-8785-e9c137f82f8f','能源','','fa7a4bb046b711e78b3f9cb654be29c0'),('6c6a934d-55e4-4b1e-b299-a1e65a32fccb','信','','fa7a4bb046b711e78b3f9cb654be29c0'),('6d22fea8-5d22-4d45-b5b0-c8cd733f365d','指标测试02','','4224810142f711e7a79a9cb654be29c0'),('746b5900-ef8d-4078-a984-98afef559f65','垃圾回收','','fa7a4bb046b711e78b3f9cb654be29c0'),('784e3fb1-8800-4198-8f2d-6230cd0584be','节约金','','fa7a4bb046b711e78b3f9cb654be29c0'),('7fa03c74-6d93-4c49-86d5-4e4973c0974a','承诺表现','','fa7a4bb046b711e78b3f9cb654be29c0'),('83960598-5810-442a-b539-7493eaa29591','产服影响','','fa7a4bb046b711e78b3f9cb654be29c0'),('84d105aa-9c54-48e3-8785-fc6f677c6d2a','罚单','','fa7a4bb046b711e78b3f9cb654be29c0'),('8cfc3df9-6d7e-4490-88e4-561c06f1e84a','指标测试07','','4224810142f711e7a79a9cb654be29c0'),('8dad64ca-90d9-456e-893e-9f0ad1d2600b','其它排放','','fa7a4bb046b711e78b3f9cb654be29c0'),('933c7b9a-5686-4685-964e-a74b310f3dc3','内部审计','','fa7a4bb046b711e78b3f9cb654be29c0'),('ad85e798-cfa8-48b5-9fba-4446065e463c','产品认证影响','','fa7a4bb046b711e78b3f9cb654be29c0'),('b81e49bd-7d49-463c-b607-e9ff7a78c11f','系统定期审计','','fa7a4bb046b711e78b3f9cb654be29c0'),('bf877e58-6667-47de-a93d-7b1c2c6cc376','条款','','fa7a4bb046b711e78b3f9cb654be29c0'),('c1d8b432-5f0c-4ca9-b9c5-fad6646f4e1d','多样化','','fa7a4bb046b711e78b3f9cb654be29c0'),('c40e9d0b-b715-4aa6-8188-5b5bfe67fb8b','GRI','','fa7a4bb046b711e78b3f9cb654be29c0'),('c7379f70-58d8-4e6c-9c94-bd11e8265db5','技术花费','','fa7a4bb046b711e78b3f9cb654be29c0'),('c7e34765-2c7b-4050-b5d6-4567bd50d773','水','','fa7a4bb046b711e78b3f9cb654be29c0'),('c7f3dfe8-9e30-46de-8ab1-96cdd6568bab','董事会','','fa7a4bb046b711e78b3f9cb654be29c0'),('c95d8394-4b16-48e4-b5cc-ca4dbfb7ac06','合规','','fa7a4bb046b711e78b3f9cb654be29c0'),('ccbb71a3-2671-4ca9-a345-36419f069282','高管工资','','fa7a4bb046b711e78b3f9cb654be29c0'),('d0da0f3f-b4fe-401a-8b5b-8b51bc041c3e','参与组织活动','','fa7a4bb046b711e78b3f9cb654be29c0'),('d49089a8-78bf-42a0-9ae4-1853ce11cd26','产业影响综述','','fa7a4bb046b711e78b3f9cb654be29c0'),('d504fbd8-56c0-4d66-bd40-812d77215a2c',' 响应机制','','fa7a4bb046b711e78b3f9cb654be29c0'),('d5ef29dc-f79e-4968-bc77-c8a5874fde21','运作产服综述','','fa7a4bb046b711e78b3f9cb654be29c0'),('d6daa219-0b5d-4c14-934d-f307b4850b52','奖励或指标','','fa7a4bb046b711e78b3f9cb654be29c0'),('dbdbe58d-c56d-447e-bf92-7ca80da934f7','部门','','fa7a4bb046b711e78b3f9cb654be29c0'),('dced1237-212c-49f3-8433-5dfe79cd83d2','5iso14001','','fa7a4bb046b711e78b3f9cb654be29c0'),('e6e36fe0-e974-481d-bf2c-7e509bab0029','指标测试04','','4224810142f711e7a79a9cb654be29c0'),('eb02384b-8bd5-4a38-91c9-a57a16b63694','价值理念','','fa7a4bb046b711e78b3f9cb654be29c0'),('ec0b1563-e8f6-48a6-98ac-67779a469d1d','指标测试05','','4224810142f711e7a79a9cb654be29c0'),('eeabdec9-8b61-4977-a9cd-2d4bb0873b9a','认证','','fa7a4bb046b711e78b3f9cb654be29c0'),('f05e0990-2254-4acf-b10e-68be3b9dab76','内部奖','','fa7a4bb046b711e78b3f9cb654be29c0'),('ff433e6f-d9d4-4df8-b0d1-b7a4f36c3475','培训','','fa7a4bb046b711e78b3f9cb654be29c0');

/*Table structure for table `indicator_sys` */

DROP TABLE IF EXISTS `indicator_sys`;

CREATE TABLE `indicator_sys` (
  `id` varchar(64) NOT NULL COMMENT '编号',
  `indicator_title` varchar(100) DEFAULT NULL COMMENT '指标体系',
  `remarks` varchar(255) DEFAULT NULL COMMENT '说明',
  PRIMARY KEY (`id`)
) ENGINE=InnoDB DEFAULT CHARSET=utf8;

/*Data for the table `indicator_sys` */

insert  into `indicator_sys`(`id`,`indicator_title`,`remarks`) values ('4224810142f711e7a79a9cb654be29c0','指标体系测试01',''),('fa7a4bb046b711e78b3f9cb654be29c0','社会责任报告指标体系','');

/*Table structure for table `options` */

DROP TABLE IF EXISTS `options`;

CREATE TABLE `options` (
  `id` varchar(64) NOT NULL COMMENT '编号',
  `value` varchar(100) DEFAULT NULL COMMENT '分值',
  `indicator_id` varchar(64) DEFAULT NULL COMMENT '指标编号',
  PRIMARY KEY (`id`)
) ENGINE=InnoDB DEFAULT CHARSET=utf8;

/*Data for the table `options` */

insert  into `options`(`id`,`value`,`indicator_id`) values ('01e4d6a3473e11e78b3f9cb654be29c0','0','4002d9f5-85e6-453c-9cc8-c78f9a0f8613'),('01e89357473e11e78b3f9cb654be29c0','1','4002d9f5-85e6-453c-9cc8-c78f9a0f8613'),('01ed988a473e11e78b3f9cb654be29c0','2','4002d9f5-85e6-453c-9cc8-c78f9a0f8613'),('01f2c38f473e11e78b3f9cb654be29c0','3','4002d9f5-85e6-453c-9cc8-c78f9a0f8613'),('05dfd694473c11e78b3f9cb654be29c0','0','d0da0f3f-b4fe-401a-8b5b-8b51bc041c3e'),('05e4fbd5473c11e78b3f9cb654be29c0','1','d0da0f3f-b4fe-401a-8b5b-8b51bc041c3e'),('05ea0378473c11e78b3f9cb654be29c0','2','d0da0f3f-b4fe-401a-8b5b-8b51bc041c3e'),('05ef3e68473c11e78b3f9cb654be29c0','3','d0da0f3f-b4fe-401a-8b5b-8b51bc041c3e'),('107c339e473e11e78b3f9cb654be29c0','0','2ea76d50-7862-48c6-922c-409a43290c00'),('108315c6473e11e78b3f9cb654be29c0','1','2ea76d50-7862-48c6-922c-409a43290c00'),('10881094473e11e78b3f9cb654be29c0','2','2ea76d50-7862-48c6-922c-409a43290c00'),('108b86e4473e11e78b3f9cb654be29c0','3','2ea76d50-7862-48c6-922c-409a43290c00'),('146b1833435811e78b3f9cb654be29c0','1','181f6098-b4fa-48ba-a7ae-8f47d9c6626f'),('14701445435811e78b3f9cb654be29c0','3','181f6098-b4fa-48ba-a7ae-8f47d9c6626f'),('147540a6435811e78b3f9cb654be29c0','5','181f6098-b4fa-48ba-a7ae-8f47d9c6626f'),('147a42eb435811e78b3f9cb654be29c0','7','181f6098-b4fa-48ba-a7ae-8f47d9c6626f'),('184fab99473c11e78b3f9cb654be29c0','0','0da4b074-85cd-4f9e-b060-e49570c50468'),('18551b25473c11e78b3f9cb654be29c0','1','0da4b074-85cd-4f9e-b060-e49570c50468'),('185a1e7f473c11e78b3f9cb654be29c0','2','0da4b074-85cd-4f9e-b060-e49570c50468'),('185f4f15473c11e78b3f9cb654be29c0','3','0da4b074-85cd-4f9e-b060-e49570c50468'),('205bd25a20f111e7b6869cb654be29c0','工业工程','5d419139-5a18-4583-b610-7455d0ded280'),('2060b00420f111e7b6869cb654be29c0','通信工程','5d419139-5a18-4583-b610-7455d0ded280'),('2065e99420f111e7b6869cb654be29c0','信息管理','5d419139-5a18-4583-b610-7455d0ded280'),('2067e816473d11e78b3f9cb654be29c0','0','eb02384b-8bd5-4a38-91c9-a57a16b63694'),('206adf3820f111e7b6869cb654be29c0','金融','5d419139-5a18-4583-b610-7455d0ded280'),('206b5c51473d11e78b3f9cb654be29c0','1','eb02384b-8bd5-4a38-91c9-a57a16b63694'),('20707ca3473d11e78b3f9cb654be29c0','2','eb02384b-8bd5-4a38-91c9-a57a16b63694'),('2075a84f473d11e78b3f9cb654be29c0','3','eb02384b-8bd5-4a38-91c9-a57a16b63694'),('25b40581435811e78b3f9cb654be29c0','3','e6e36fe0-e974-481d-bf2c-7e509bab0029'),('25b94ec4435811e78b3f9cb654be29c0','4','e6e36fe0-e974-481d-bf2c-7e509bab0029'),('25be5951435811e78b3f9cb654be29c0','5','e6e36fe0-e974-481d-bf2c-7e509bab0029'),('25c37384435811e78b3f9cb654be29c0','6','e6e36fe0-e974-481d-bf2c-7e509bab0029'),('25dc9784473c11e78b3f9cb654be29c0','0','6107985f-35d6-4546-8785-e9c137f82f8f'),('25e3b0d3473c11e78b3f9cb654be29c0','1','6107985f-35d6-4546-8785-e9c137f82f8f'),('25ec6408473c11e78b3f9cb654be29c0','2','6107985f-35d6-4546-8785-e9c137f82f8f'),('25f16e89473c11e78b3f9cb654be29c0','3','6107985f-35d6-4546-8785-e9c137f82f8f'),('2d2e36b7473d11e78b3f9cb654be29c0','0','312a8d19-8c51-4943-a55e-c469f537502f'),('2d31ea16473d11e78b3f9cb654be29c0','1','312a8d19-8c51-4943-a55e-c469f537502f'),('2d44de3b473d11e78b3f9cb654be29c0','2','312a8d19-8c51-4943-a55e-c469f537502f'),('2d572b75473d11e78b3f9cb654be29c0','3','312a8d19-8c51-4943-a55e-c469f537502f'),('337c64bf473c11e78b3f9cb654be29c0','0','c7e34765-2c7b-4050-b5d6-4567bd50d773'),('337fdbd5473c11e78b3f9cb654be29c0','1','c7e34765-2c7b-4050-b5d6-4567bd50d773'),('33886098473c11e78b3f9cb654be29c0','2','c7e34765-2c7b-4050-b5d6-4567bd50d773'),('338eec03473c11e78b3f9cb654be29c0','3','c7e34765-2c7b-4050-b5d6-4567bd50d773'),('3e0ad405435811e78b3f9cb654be29c0','1','ec0b1563-e8f6-48a6-98ac-67779a469d1d'),('3e0fff66435811e78b3f9cb654be29c0','4','ec0b1563-e8f6-48a6-98ac-67779a469d1d'),('3e1653f0435811e78b3f9cb654be29c0','5','ec0b1563-e8f6-48a6-98ac-67779a469d1d'),('3e1a286b435811e78b3f9cb654be29c0','6','ec0b1563-e8f6-48a6-98ac-67779a469d1d'),('41138246473c11e78b3f9cb654be29c0','0','54d1be25-f1d5-43bf-adcf-60f52904d5e2'),('4118c3bf473c11e78b3f9cb654be29c0','1','54d1be25-f1d5-43bf-adcf-60f52904d5e2'),('411dcb66473c11e78b3f9cb654be29c0','2','54d1be25-f1d5-43bf-adcf-60f52904d5e2'),('4122f281473c11e78b3f9cb654be29c0','3','54d1be25-f1d5-43bf-adcf-60f52904d5e2'),('41ecb3eb473d11e78b3f9cb654be29c0','0','4c904b71-85f2-4586-9912-5fd570e0dff7'),('41f1b849473d11e78b3f9cb654be29c0','1','4c904b71-85f2-4586-9912-5fd570e0dff7'),('41f52c8f473d11e78b3f9cb654be29c0','2','4c904b71-85f2-4586-9912-5fd570e0dff7'),('41f87c18473d11e78b3f9cb654be29c0','3','4c904b71-85f2-4586-9912-5fd570e0dff7'),('42eef60c217c11e7ac949cb654be29c0','测试01','5f2b0011-ea33-4a11-b7d8-21b29feca435'),('42f7af7c217c11e7ac949cb654be29c0','测试02','5f2b0011-ea33-4a11-b7d8-21b29feca435'),('4e8a7094473d11e78b3f9cb654be29c0','0','0adf4c8f-bb2d-4c4e-8000-c72a7cab42b7'),('4e8deeaa473d11e78b3f9cb654be29c0','1','0adf4c8f-bb2d-4c4e-8000-c72a7cab42b7'),('4e930415473d11e78b3f9cb654be29c0','2','0adf4c8f-bb2d-4c4e-8000-c72a7cab42b7'),('4e982db8473d11e78b3f9cb654be29c0','3','0adf4c8f-bb2d-4c4e-8000-c72a7cab42b7'),('4e995e88473c11e78b3f9cb654be29c0','0','5e71833f-cb73-47e4-bb9c-8e262b52e621'),('4ea5bb81473c11e78b3f9cb654be29c0','1','5e71833f-cb73-47e4-bb9c-8e262b52e621'),('4eac2735473c11e78b3f9cb654be29c0','2','5e71833f-cb73-47e4-bb9c-8e262b52e621'),('4eafff30473c11e78b3f9cb654be29c0','3','5e71833f-cb73-47e4-bb9c-8e262b52e621'),('523c1a0242f711e7a79a9cb654be29c0','2','2820a50c-1baa-45cd-8e9b-79bf6da31e37'),('523fdc3742f711e7a79a9cb654be29c0','3','2820a50c-1baa-45cd-8e9b-79bf6da31e37'),('5244d98542f711e7a79a9cb654be29c0','4','2820a50c-1baa-45cd-8e9b-79bf6da31e37'),('524d68e842f711e7a79a9cb654be29c0','5','2820a50c-1baa-45cd-8e9b-79bf6da31e37'),('541155b546b911e78b3f9cb654be29c0','0','dbdbe58d-c56d-447e-bf92-7ca80da934f7'),('541680fe46b911e78b3f9cb654be29c0','1','dbdbe58d-c56d-447e-bf92-7ca80da934f7'),('541b7f4446b911e78b3f9cb654be29c0','2','dbdbe58d-c56d-447e-bf92-7ca80da934f7'),('5420a63846b911e78b3f9cb654be29c0','3','dbdbe58d-c56d-447e-bf92-7ca80da934f7'),('54a1f4bc435711e78b3f9cb654be29c0','1','8968e7a1-51a2-41bb-9677-88c6406ca1f2'),('54a731a5435711e78b3f9cb654be29c0','2','8968e7a1-51a2-41bb-9677-88c6406ca1f2'),('54ac2c21435711e78b3f9cb654be29c0','3','8968e7a1-51a2-41bb-9677-88c6406ca1f2'),('54b14c08435711e78b3f9cb654be29c0','4','8968e7a1-51a2-41bb-9677-88c6406ca1f2'),('5754135c217c11e7ac949cb654be29c0','测试01','1d898478-60af-40c5-91a3-bb96b050be00'),('57590d02217c11e7ac949cb654be29c0','测试02','1d898478-60af-40c5-91a3-bb96b050be00'),('57747dff435811e78b3f9cb654be29c0','2','3314f003-75a2-472e-8fb5-ea81a7835752'),('577ce495435811e78b3f9cb654be29c0','5','3314f003-75a2-472e-8fb5-ea81a7835752'),('57820c13435811e78b3f9cb654be29c0','7','3314f003-75a2-472e-8fb5-ea81a7835752'),('5787176d435811e78b3f9cb654be29c0','8','3314f003-75a2-472e-8fb5-ea81a7835752'),('5c823b5b473d11e78b3f9cb654be29c0','0','367915ae-bd8f-47f1-8e7d-9bc2738d2e9e'),('5c858c96473d11e78b3f9cb654be29c0','1','367915ae-bd8f-47f1-8e7d-9bc2738d2e9e'),('5c890459473d11e78b3f9cb654be29c0','2','367915ae-bd8f-47f1-8e7d-9bc2738d2e9e'),('5c8e3618473d11e78b3f9cb654be29c0','3','367915ae-bd8f-47f1-8e7d-9bc2738d2e9e'),('5d77ea83473c11e78b3f9cb654be29c0','0','5531cc52-b9e8-4ea7-92c0-966cfd8259df'),('5d846b0b473c11e78b3f9cb654be29c0','1','5531cc52-b9e8-4ea7-92c0-966cfd8259df'),('5d8c0dae473c11e78b3f9cb654be29c0','2','5531cc52-b9e8-4ea7-92c0-966cfd8259df'),('5d912d00473c11e78b3f9cb654be29c0','3','5531cc52-b9e8-4ea7-92c0-966cfd8259df'),('5db0c8e246b911e78b3f9cb654be29c0','0','c7f3dfe8-9e30-46de-8ab1-96cdd6568bab'),('5db5effe46b911e78b3f9cb654be29c0','1','c7f3dfe8-9e30-46de-8ab1-96cdd6568bab'),('5dbaf02646b911e78b3f9cb654be29c0','2','c7f3dfe8-9e30-46de-8ab1-96cdd6568bab'),('5dc01e3546b911e78b3f9cb654be29c0','3','c7f3dfe8-9e30-46de-8ab1-96cdd6568bab'),('6409a931435811e78b3f9cb654be29c0','2','8cfc3df9-6d7e-4490-88e4-561c06f1e84a'),('640ee4fd435811e78b3f9cb654be29c0','4','8cfc3df9-6d7e-4490-88e4-561c06f1e84a'),('6413e83b435811e78b3f9cb654be29c0','6','8cfc3df9-6d7e-4490-88e4-561c06f1e84a'),('641910ed435811e78b3f9cb654be29c0','8','8cfc3df9-6d7e-4490-88e4-561c06f1e84a'),('657cf6c442f711e7a79a9cb654be29c0','1','3e3333f6-c40b-4115-8c55-6e4141eb8577'),('6582364c42f711e7a79a9cb654be29c0','3','3e3333f6-c40b-4115-8c55-6e4141eb8577'),('658725c542f711e7a79a9cb654be29c0','5','3e3333f6-c40b-4115-8c55-6e4141eb8577'),('658c500642f711e7a79a9cb654be29c0','7','3e3333f6-c40b-4115-8c55-6e4141eb8577'),('6656d56d20c011e7b6869cb654be29c0','Java开发教程','ac34ae03-8c0e-4d13-bb50-ed709391bdca'),('665bbf0e20c011e7b6869cb654be29c0','你好，我是田林','ac34ae03-8c0e-4d13-bb50-ed709391bdca'),('67c1db4b46b911e78b3f9cb654be29c0','0','bf877e58-6667-47de-a93d-7b1c2c6cc376'),('67c706ef46b911e78b3f9cb654be29c0','1','bf877e58-6667-47de-a93d-7b1c2c6cc376'),('67cc3a0246b911e78b3f9cb654be29c0','2','bf877e58-6667-47de-a93d-7b1c2c6cc376'),('67d134fb46b911e78b3f9cb654be29c0','3','bf877e58-6667-47de-a93d-7b1c2c6cc376'),('6b04eae4473c11e78b3f9cb654be29c0','0','8dad64ca-90d9-456e-893e-9f0ad1d2600b'),('6b10bc75473c11e78b3f9cb654be29c0','1','8dad64ca-90d9-456e-893e-9f0ad1d2600b'),('6b18e3b7473c11e78b3f9cb654be29c0','2','8dad64ca-90d9-456e-893e-9f0ad1d2600b'),('6b1fcbab473c11e78b3f9cb654be29c0','3','8dad64ca-90d9-456e-893e-9f0ad1d2600b'),('6f6c3daa42f711e7a79a9cb654be29c0','1','ab548e22-85b6-4c23-979f-7535e13fdbb1'),('6f74a31d42f711e7a79a9cb654be29c0','2','ab548e22-85b6-4c23-979f-7535e13fdbb1'),('6f79cd1242f711e7a79a9cb654be29c0','3','ab548e22-85b6-4c23-979f-7535e13fdbb1'),('6f7edede42f711e7a79a9cb654be29c0','4','ab548e22-85b6-4c23-979f-7535e13fdbb1'),('70f281e8473d11e78b3f9cb654be29c0','0','c95d8394-4b16-48e4-b5cc-ca4dbfb7ac06'),('70f786b0473d11e78b3f9cb654be29c0','1','c95d8394-4b16-48e4-b5cc-ca4dbfb7ac06'),('70fcae81473d11e78b3f9cb654be29c0','2','c95d8394-4b16-48e4-b5cc-ca4dbfb7ac06'),('7101aead473d11e78b3f9cb654be29c0','3','c95d8394-4b16-48e4-b5cc-ca4dbfb7ac06'),('72158692473b11e78b3f9cb654be29c0','0','ccbb71a3-2671-4ca9-a345-36419f069282'),('721ca413473b11e78b3f9cb654be29c0','1','ccbb71a3-2671-4ca9-a345-36419f069282'),('7226cd01473b11e78b3f9cb654be29c0','2','ccbb71a3-2671-4ca9-a345-36419f069282'),('722ee3d8473b11e78b3f9cb654be29c0','3','ccbb71a3-2671-4ca9-a345-36419f069282'),('7386c49246b911e78b3f9cb654be29c0','0','2f233243-c330-49cc-a32f-a929b5082448'),('738bf6f746b911e78b3f9cb654be29c0','1','2f233243-c330-49cc-a32f-a929b5082448'),('7390f76246b911e78b3f9cb654be29c0','2','2f233243-c330-49cc-a32f-a929b5082448'),('7396205346b911e78b3f9cb654be29c0','3','2f233243-c330-49cc-a32f-a929b5082448'),('77e3e891473c11e78b3f9cb654be29c0','0','746b5900-ef8d-4078-a984-98afef559f65'),('77f0d8b4473c11e78b3f9cb654be29c0','1','746b5900-ef8d-4078-a984-98afef559f65'),('77fc3e84473c11e78b3f9cb654be29c0','2','746b5900-ef8d-4078-a984-98afef559f65'),('78082f1b473c11e78b3f9cb654be29c0','3','746b5900-ef8d-4078-a984-98afef559f65'),('7c28d4bc473d11e78b3f9cb654be29c0','0','d49089a8-78bf-42a0-9ae4-1853ce11cd26'),('7c2de659473d11e78b3f9cb654be29c0','1','d49089a8-78bf-42a0-9ae4-1853ce11cd26'),('7c32fbd0473d11e78b3f9cb654be29c0','2','d49089a8-78bf-42a0-9ae4-1853ce11cd26'),('7c364ecd473d11e78b3f9cb654be29c0','3','d49089a8-78bf-42a0-9ae4-1853ce11cd26'),('7f525c9c46b911e78b3f9cb654be29c0','0','dced1237-212c-49f3-8433-5dfe79cd83d2'),('7f5721d246b911e78b3f9cb654be29c0','1','dced1237-212c-49f3-8433-5dfe79cd83d2'),('7f5adce746b911e78b3f9cb654be29c0','2','dced1237-212c-49f3-8433-5dfe79cd83d2'),('7f5fdd7246b911e78b3f9cb654be29c0','3','dced1237-212c-49f3-8433-5dfe79cd83d2'),('8085d2d4473b11e78b3f9cb654be29c0','0','c40e9d0b-b715-4aa6-8188-5b5bfe67fb8b'),('808971e5473b11e78b3f9cb654be29c0','1','c40e9d0b-b715-4aa6-8188-5b5bfe67fb8b'),('808e5cb2473b11e78b3f9cb654be29c0','2','c40e9d0b-b715-4aa6-8188-5b5bfe67fb8b'),('80938304473b11e78b3f9cb654be29c0','3','c40e9d0b-b715-4aa6-8188-5b5bfe67fb8b'),('82af901b20bf11e7b6869cb654be29c0','风搞活动','6eebe2c2-a454-4292-bd48-496ca34d69ac'),('82b54f1c20bf11e7b6869cb654be29c0','个地方官的','6eebe2c2-a454-4292-bd48-496ca34d69ac'),('83b37dbb473c11e78b3f9cb654be29c0','0','c1d8b432-5f0c-4ca9-b9c5-fad6646f4e1d'),('83b726f1473c11e78b3f9cb654be29c0','1','c1d8b432-5f0c-4ca9-b9c5-fad6646f4e1d'),('83bc4a90473c11e78b3f9cb654be29c0','2','c1d8b432-5f0c-4ca9-b9c5-fad6646f4e1d'),('83c1508c473c11e78b3f9cb654be29c0','3','c1d8b432-5f0c-4ca9-b9c5-fad6646f4e1d'),('8b645877473d11e78b3f9cb654be29c0','0','d5ef29dc-f79e-4968-bc77-c8a5874fde21'),('8b695cb2473d11e78b3f9cb654be29c0','1','d5ef29dc-f79e-4968-bc77-c8a5874fde21'),('8b6e880e473d11e78b3f9cb654be29c0','2','d5ef29dc-f79e-4968-bc77-c8a5874fde21'),('8b738698473d11e78b3f9cb654be29c0','3','d5ef29dc-f79e-4968-bc77-c8a5874fde21'),('90bc8080473c11e78b3f9cb654be29c0','0','83960598-5810-442a-b539-7493eaa29591'),('90c17f59473c11e78b3f9cb654be29c0','1','83960598-5810-442a-b539-7493eaa29591'),('90c4facf473c11e78b3f9cb654be29c0','2','83960598-5810-442a-b539-7493eaa29591'),('90c84c59473c11e78b3f9cb654be29c0','3','83960598-5810-442a-b539-7493eaa29591'),('980a7f8f473b11e78b3f9cb654be29c0','0','4e4bec8a-d931-481e-9f90-af606a66922c'),('980fa6b2473b11e78b3f9cb654be29c0','1','4e4bec8a-d931-481e-9f90-af606a66922c'),('9814ac5f473b11e78b3f9cb654be29c0','2','4e4bec8a-d931-481e-9f90-af606a66922c'),('9819d7c8473b11e78b3f9cb654be29c0','3','4e4bec8a-d931-481e-9f90-af606a66922c'),('9840fc69473d11e78b3f9cb654be29c0','0','28f2b20d-051f-42b1-b037-a072eba41b05'),('984965a2473d11e78b3f9cb654be29c0','1','28f2b20d-051f-42b1-b037-a072eba41b05'),('984c7f37473d11e78b3f9cb654be29c0','2','28f2b20d-051f-42b1-b037-a072eba41b05'),('9850345c473d11e78b3f9cb654be29c0','3','28f2b20d-051f-42b1-b037-a072eba41b05'),('9c3f86a020bf11e7b6869cb654be29c0','fhdfgdgf','e3d04c36-23d8-43ee-9128-72ea0bbbf99e'),('9c44a29d20bf11e7b6869cb654be29c0','dfgdfgd','e3d04c36-23d8-43ee-9128-72ea0bbbf99e'),('9c4795d2473c11e78b3f9cb654be29c0','0','7fa03c74-6d93-4c49-86d5-4e4973c0974a'),('9c49d66520bf11e7b6869cb654be29c0','dfgdfgdfg','e3d04c36-23d8-43ee-9128-72ea0bbbf99e'),('9c4b1596473c11e78b3f9cb654be29c0','1','7fa03c74-6d93-4c49-86d5-4e4973c0974a'),('9c5016de473c11e78b3f9cb654be29c0','2','7fa03c74-6d93-4c49-86d5-4e4973c0974a'),('9c56f77b473c11e78b3f9cb654be29c0','3','7fa03c74-6d93-4c49-86d5-4e4973c0974a'),('a2ec473c473d11e78b3f9cb654be29c0','0','ff433e6f-d9d4-4df8-b0d1-b7a4f36c3475'),('a2efb2b1473d11e78b3f9cb654be29c0','1','ff433e6f-d9d4-4df8-b0d1-b7a4f36c3475'),('a2f4b8c9473d11e78b3f9cb654be29c0','2','ff433e6f-d9d4-4df8-b0d1-b7a4f36c3475'),('a2f82de5473d11e78b3f9cb654be29c0','3','ff433e6f-d9d4-4df8-b0d1-b7a4f36c3475'),('a45c03a8473b11e78b3f9cb654be29c0','0','b81e49bd-7d49-463c-b607-e9ff7a78c11f'),('a46104d9473b11e78b3f9cb654be29c0','1','b81e49bd-7d49-463c-b607-e9ff7a78c11f'),('a467e01c473b11e78b3f9cb654be29c0','2','b81e49bd-7d49-463c-b607-e9ff7a78c11f'),('a46ce23a473b11e78b3f9cb654be29c0','3','b81e49bd-7d49-463c-b607-e9ff7a78c11f'),('a52fd320435711e78b3f9cb654be29c0','1','09650103-ce5a-4211-8851-321f88d196c1'),('a534d1f5435711e78b3f9cb654be29c0','2','09650103-ce5a-4211-8851-321f88d196c1'),('a539fedc435711e78b3f9cb654be29c0','3','09650103-ce5a-4211-8851-321f88d196c1'),('a53f045e435711e78b3f9cb654be29c0','4','09650103-ce5a-4211-8851-321f88d196c1'),('a75ddc04473c11e78b3f9cb654be29c0','0','784e3fb1-8800-4198-8f2d-6230cd0584be'),('a762e1fd473c11e78b3f9cb654be29c0','1','784e3fb1-8800-4198-8f2d-6230cd0584be'),('a7680b41473c11e78b3f9cb654be29c0','2','784e3fb1-8800-4198-8f2d-6230cd0584be'),('a76d210f473c11e78b3f9cb654be29c0','3','784e3fb1-8800-4198-8f2d-6230cd0584be'),('abb8a41b20ed11e7b6869cb654be29c0','数学老师','7843a459-3e0f-4d6b-b3bd-5407873973c5'),('abbdbcb020ed11e7b6869cb654be29c0','语文老师','7843a459-3e0f-4d6b-b3bd-5407873973c5'),('b27f9abf473c11e78b3f9cb654be29c0','0','c7379f70-58d8-4e6c-9c94-bd11e8265db5'),('b2834cb0473c11e78b3f9cb654be29c0','1','c7379f70-58d8-4e6c-9c94-bd11e8265db5'),('b2884fd6473c11e78b3f9cb654be29c0','2','c7379f70-58d8-4e6c-9c94-bd11e8265db5'),('b28bc88d473c11e78b3f9cb654be29c0','3','c7379f70-58d8-4e6c-9c94-bd11e8265db5'),('b5e495bc473b11e78b3f9cb654be29c0','0','eeabdec9-8b61-4977-a9cd-2d4bb0873b9a'),('b5f18e92473b11e78b3f9cb654be29c0','1','eeabdec9-8b61-4977-a9cd-2d4bb0873b9a'),('b5f9ef11473b11e78b3f9cb654be29c0','2','eeabdec9-8b61-4977-a9cd-2d4bb0873b9a'),('b5ff1edb473b11e78b3f9cb654be29c0','3','eeabdec9-8b61-4977-a9cd-2d4bb0873b9a'),('bf3dff0e473c11e78b3f9cb654be29c0','0','84d105aa-9c54-48e3-8785-fc6f677c6d2a'),('bf46651a473c11e78b3f9cb654be29c0','1','84d105aa-9c54-48e3-8785-fc6f677c6d2a'),('bf4b9951473c11e78b3f9cb654be29c0','2','84d105aa-9c54-48e3-8785-fc6f677c6d2a'),('bf5093f4473c11e78b3f9cb654be29c0','3','84d105aa-9c54-48e3-8785-fc6f677c6d2a'),('c662e69c473b11e78b3f9cb654be29c0','0','ad85e798-cfa8-48b5-9fba-4446065e463c'),('c6669d68473b11e78b3f9cb654be29c0','1','ad85e798-cfa8-48b5-9fba-4446065e463c'),('c66bc296473b11e78b3f9cb654be29c0','2','ad85e798-cfa8-48b5-9fba-4446065e463c'),('c670e529473b11e78b3f9cb654be29c0','3','ad85e798-cfa8-48b5-9fba-4446065e463c'),('c7c26034398a11e7a79a9cb654be29c0','4','c3fed267-a2a2-411e-9c17-e0809cab9cea'),('c7cc7bc0398a11e7a79a9cb654be29c0','5','c3fed267-a2a2-411e-9c17-e0809cab9cea'),('c7d188d0398a11e7a79a9cb654be29c0','6','c3fed267-a2a2-411e-9c17-e0809cab9cea'),('c9bd0bd4223e11e7ac949cb654be29c0','测试01','876d1f94-1b4f-49ba-8391-702f619489f6'),('c9c7a8b3223e11e7ac949cb654be29c0','测试02','876d1f94-1b4f-49ba-8391-702f619489f6'),('ca1d74cb435611e78b3f9cb654be29c0','1','f698b0e8-49e4-43a0-87e5-88390df50b5b'),('ca22aaf3435611e78b3f9cb654be29c0','2','f698b0e8-49e4-43a0-87e5-88390df50b5b'),('ca27bf0f435611e78b3f9cb654be29c0','3','f698b0e8-49e4-43a0-87e5-88390df50b5b'),('ca2ce6e0435611e78b3f9cb654be29c0','4','f698b0e8-49e4-43a0-87e5-88390df50b5b'),('cb55c9ac473c11e78b3f9cb654be29c0','0','6c6a934d-55e4-4b1e-b299-a1e65a32fccb'),('cb5e4129473c11e78b3f9cb654be29c0','1','6c6a934d-55e4-4b1e-b299-a1e65a32fccb'),('cb651fe0473c11e78b3f9cb654be29c0','2','6c6a934d-55e4-4b1e-b299-a1e65a32fccb'),('cb6bd726473c11e78b3f9cb654be29c0','3','6c6a934d-55e4-4b1e-b299-a1e65a32fccb'),('cbaef1de434f11e7a79a9cb654be29c0','1','86fd9788-a90f-4b12-8e3e-8da0d90b984f'),('cbb40afe434f11e7a79a9cb654be29c0','2','86fd9788-a90f-4b12-8e3e-8da0d90b984f'),('cbbc6a45434f11e7a79a9cb654be29c0','3','86fd9788-a90f-4b12-8e3e-8da0d90b984f'),('cbc187aa434f11e7a79a9cb654be29c0','4','86fd9788-a90f-4b12-8e3e-8da0d90b984f'),('cd22d692435711e78b3f9cb654be29c0','2','6d22fea8-5d22-4d45-b5b0-c8cd733f365d'),('cd27f76f435711e78b3f9cb654be29c0','3','6d22fea8-5d22-4d45-b5b0-c8cd733f365d'),('cd2d0cb3435711e78b3f9cb654be29c0','4','6d22fea8-5d22-4d45-b5b0-c8cd733f365d'),('cd32243f435711e78b3f9cb654be29c0','5','6d22fea8-5d22-4d45-b5b0-c8cd733f365d'),('d2ad8c42435111e7a79a9cb654be29c0','3','cfd828a5-013d-4bd8-93e5-055dabefe624'),('d2b2a85f435111e7a79a9cb654be29c0','4','cfd828a5-013d-4bd8-93e5-055dabefe624'),('d2b7aee6435111e7a79a9cb654be29c0','5','cfd828a5-013d-4bd8-93e5-055dabefe624'),('d2bcef43435111e7a79a9cb654be29c0','6','cfd828a5-013d-4bd8-93e5-055dabefe624'),('d43c7cab473b11e78b3f9cb654be29c0','0','d6daa219-0b5d-4c14-934d-f307b4850b52'),('d4417b58473b11e78b3f9cb654be29c0','1','d6daa219-0b5d-4c14-934d-f307b4850b52'),('d446d5d4473b11e78b3f9cb654be29c0','2','d6daa219-0b5d-4c14-934d-f307b4850b52'),('d44c16db473b11e78b3f9cb654be29c0','3','d6daa219-0b5d-4c14-934d-f307b4850b52'),('d9aaf94f473d11e78b3f9cb654be29c0','0','d504fbd8-56c0-4d66-bd40-812d77215a2c'),('d9b027a2473d11e78b3f9cb654be29c0','1','d504fbd8-56c0-4d66-bd40-812d77215a2c'),('d9b54315473d11e78b3f9cb654be29c0','2','d504fbd8-56c0-4d66-bd40-812d77215a2c'),('d9ba4c79473d11e78b3f9cb654be29c0','3','d504fbd8-56c0-4d66-bd40-812d77215a2c'),('dcef467446b911e78b3f9cb654be29c0','0','53184dce-501d-4764-8a6c-3de625330108'),('dcf2f15146b911e78b3f9cb654be29c0','1','53184dce-501d-4764-8a6c-3de625330108'),('dcf66d4946b911e78b3f9cb654be29c0','2','53184dce-501d-4764-8a6c-3de625330108'),('dcfb6cb046b911e78b3f9cb654be29c0','3','53184dce-501d-4764-8a6c-3de625330108'),('e217614c473b11e78b3f9cb654be29c0','0','59d95d87-7785-4a2f-bd44-8ab4a69c771a'),('e21c662c473b11e78b3f9cb654be29c0','1','59d95d87-7785-4a2f-bd44-8ab4a69c771a'),('e221929d473b11e78b3f9cb654be29c0','2','59d95d87-7785-4a2f-bd44-8ab4a69c771a'),('e2269405473b11e78b3f9cb654be29c0','3','59d95d87-7785-4a2f-bd44-8ab4a69c771a'),('e5f9c74b434f11e7a79a9cb654be29c0','2','c9a0ffd5-38d9-4df8-8e7f-aa7765619fa0'),('e5fecacc434f11e7a79a9cb654be29c0','3','c9a0ffd5-38d9-4df8-8e7f-aa7765619fa0'),('e605e4a6434f11e7a79a9cb654be29c0','4','c9a0ffd5-38d9-4df8-8e7f-aa7765619fa0'),('e60ac422434f11e7a79a9cb654be29c0','5','c9a0ffd5-38d9-4df8-8e7f-aa7765619fa0'),('e621cd5e473d11e78b3f9cb654be29c0','0','f05e0990-2254-4acf-b10e-68be3b9dab76'),('e626dbc5473d11e78b3f9cb654be29c0','1','f05e0990-2254-4acf-b10e-68be3b9dab76'),('e62bf178473d11e78b3f9cb654be29c0','2','f05e0990-2254-4acf-b10e-68be3b9dab76'),('e62f4488473d11e78b3f9cb654be29c0','3','f05e0990-2254-4acf-b10e-68be3b9dab76'),('eb26c59a398a11e7a79a9cb654be29c0','1','ac1fa379-6298-4c6d-93af-871a9f6e19e6'),('eb2bd89e398a11e7a79a9cb654be29c0','2','ac1fa379-6298-4c6d-93af-871a9f6e19e6'),('eb30e6f6398a11e7a79a9cb654be29c0','3','ac1fa379-6298-4c6d-93af-871a9f6e19e6'),('f0ed496e473d11e78b3f9cb654be29c0','0','933c7b9a-5686-4685-964e-a74b310f3dc3'),('f0f0c06c473d11e78b3f9cb654be29c0','1','933c7b9a-5686-4685-964e-a74b310f3dc3'),('f0f5c8d4473d11e78b3f9cb654be29c0','2','933c7b9a-5686-4685-964e-a74b310f3dc3'),('f0f94290473d11e78b3f9cb654be29c0','3','933c7b9a-5686-4685-964e-a74b310f3dc3'),('f4397bc3473b11e78b3f9cb654be29c0','0','55b87636-d375-4796-b957-a21508decc33'),('f43e81e7473b11e78b3f9cb654be29c0','1','55b87636-d375-4796-b957-a21508decc33'),('f441fd51473b11e78b3f9cb654be29c0','2','55b87636-d375-4796-b957-a21508decc33'),('f4471df7473b11e78b3f9cb654be29c0','3','55b87636-d375-4796-b957-a21508decc33');

/*Table structure for table `sys_user` */

DROP TABLE IF EXISTS `sys_user`;

CREATE TABLE `sys_user` (
  `id` varchar(64) NOT NULL COMMENT '主键',
  `nickname` varchar(100) DEFAULT NULL,
  `userName` varchar(100) NOT NULL COMMENT '用户姓名',
  `password` varchar(64) DEFAULT NULL COMMENT '用户登录密码',
  `role` varchar(64) DEFAULT NULL COMMENT '用户角色',
  PRIMARY KEY (`id`)
) ENGINE=InnoDB DEFAULT CHARSET=utf8;

/*Data for the table `sys_user` */

insert  into `sys_user`(`id`,`nickname`,`userName`,`password`,`role`) values ('07410b1638a511e7a79a9cb654be29c0','tianhc','田鸿才','199312','common'),('96b2a06d38a011e7a79a9cb654be29c0','mamingx','马明旭','199312','common'),('a6f03f8921d211e7ac949cb654be29c0','tianlin','田林','252578','admin'),('ad188f131a7b11e789979cb654be29c0','tianfei','田飞','252578','admin');

/*!40101 SET SQL_MODE=@OLD_SQL_MODE */;
/*!40014 SET FOREIGN_KEY_CHECKS=@OLD_FOREIGN_KEY_CHECKS */;
/*!40014 SET UNIQUE_CHECKS=@OLD_UNIQUE_CHECKS */;
/*!40111 SET SQL_NOTES=@OLD_SQL_NOTES */;
